location_id,latitude,longitude,rainfall_mm,soil_moisture,slope_degree,elevation_m,terrain_roughness,historical_landslide_count,landslide_occurred
1001,28.2568,88.5896,50.0,37.0,62.4,2884,0.749,1,1
1002,26.4138,92.3535,56.3,26.8,65.9,3045,0.698,10,0
1003,28.7223,89.2258,0.4,7.4,52.4,2272,0.636,3,1
1004,27.8355,89.4471,39.0,,48.7,2690,0.378,4,1
1005,24.518,94.0067,35.7,16.3,18.4,1255,0.127,0,0
1006,29.3659,91.7328,69.6,39.8,26.4,1428,0.35,2,0
1007,28.1863,96.7576,52.4,20.0,49.8,2447,0.368,10,1
1008,28.3234,91.032,309.3,44.8,59.0,2680,0.536,6,1
1009,24.7046,94.8987,62.7,14.1,16.9,1374,0.202,1,0
1010,26.4771,92.3804,1.6,20.8,30.9,1739,0.573,4,0
1011,26.0394,94.2695,29.0,21.9,21.6,1310,0.496,6,0
1012,29.0972,93.6971,39.2,32.5,18.9,1494,0.454,4,0
1013,27.5413,92.4914,339.8,56.5,6.4,943,0.328,3,1
1014,28.5252,97.0256,20.9,17.6,22.2,1557,0.21,2,1
1015,26.4388,91.2558,7.5,13.6,17.8,970,0.138,0,0
1016,25.2498,89.6837,3.6,13.7,30.8,1439,0.467,4,0
1017,27.0502,94.4419,25.4,36.5,12.3,1075,0.339,3,1
1018,24.351,96.0371,86.5,19.2,39.9,2024,0.414,4,0
1019,28.552,88.3824,4.3,36.1,42.9,2295,0.475,4,0
1020,27.4742,92.2715,39.3,19.1,6.0,872,0.236,1,1
1021,28.1695,96.4786,158.8,24.8,16.5,967,0.206,2,0
1022,25.9499,95.1214,29.1,15.5,8.7,647,0.184,4,1
1023,29.3388,97.4222,110.6,18.5,5.4,660,0.203,1,0
1024,28.9122,93.0484,193.8,50.7,10.8,723,0.313,2,0
1025,28.2811,94.27,15.1,22.3,6.4,823,0.425,1,0
1026,25.0705,90.8736,22.1,17.5,35.4,2039,0.451,2,0
1027,26.567,97.0016,1.1,25.5,49.4,2406,0.622,1,0
1028,24.2409,91.4802,29.2,27.6,19.4,1383,0.452,3,0
1029,24.8486,95.0159,5.5,34.7,17.8,1169,0.164,3,0
1030,27.7568,91.8298,88.7,,16.2,1247,0.369,5,0
1031,28.0962,93.3373,17.1,27.8,39.6,1841,0.457,5,1
1032,29.3213,94.8379,44.8,35.2,48.8,2569,0.554,6,1
1033,25.792,92.8349,56.9,35.7,7.6,905,0.066,1,0
1034,26.0375,96.6173,5.0,20.5,24.1,1251,0.523,5,0
1035,26.5826,91.9834,42.4,31.4,3.0,609,0.401,2,0
1036,25.0421,94.1472,78.8,15.6,23.8,1651,0.16,2,0
1037,24.7146,91.2524,32.9,32.0,41.6,1939,0.362,0,0
1038,26.6164,91.8775,14.2,36.4,10.0,1015,0.139,1,0
1039,25.248,92.1805,23.4,9.8,22.9,1684,0.465,2,0
1040,27.684,89.1952,12.4,32.2,35.6,2130,0.477,2,0
1041,26.4043,88.8714,98.7,44.7,18.7,1129,0.196,2,1
1042,28.5797,94.3412,11.8,12.9,39.9,2121,0.592,6,0
1043,27.8515,94.2274,32.9,24.7,6.3,1046,0.183,0,0
1044,25.718,94.2976,29.1,36.9,11.5,958,0.261,3,0
1045,28.5774,88.1878,,56.5,6.0,421,0.195,1,1
1046,28.4262,91.1022,7.4,9.3,24.4,1108,0.371,1,0
1047,26.1311,89.8792,4.2,16.0,22.8,1565,0.344,2,0
1048,25.5858,95.3924,24.6,29.2,41.4,2053,0.386,3,0
1049,27.7537,96.176,130.2,25.8,22.7,1181,0.321,3,0
1050,24.7686,90.3435,399.7,58.7,28.5,1483,0.553,3,1
1051,25.0995,94.3446,100.9,16.3,62.5,3130,0.618,6,0
1052,24.0405,89.2289,153.2,26.2,10.5,846,0.437,1,1
1053,28.3281,90.6139,20.6,24.5,59.6,3092,0.617,4,1
1054,27.6567,89.3172,25.1,27.8,41.1,2258,0.582,3,0
1055,27.8784,90.6934,40.8,29.4,39.7,2370,0.382,3,0
1056,28.294,94.41,71.0,36.8,28.6,1866,0.507,5,0
1057,26.524,96.6481,75.4,25.9,20.0,1078,0.239,1,0
1058,27.1281,89.924,6.9,13.9,53.3,2693,0.363,3,0
1059,24.7689,93.1498,52.2,10.7,4.5,294,0.094,0,0
1060,24.6299,94.6632,20.2,13.2,37.6,2298,0.259,3,0
1061,27.6762,97.0528,110.9,26.5,6.3,535,0.421,5,0
1062,26.591,93.7956,13.3,11.6,33.8,1917,0.625,3,0
1063,27.1088,90.4235,15.7,6.9,11.1,1138,0.379,5,1
1064,28.2075,93.942,22.7,12.0,16.4,868,0.153,3,0
1065,27.491,91.0447,1.1,25.6,15.1,1298,0.46,2,0
1066,27.0447,97.2732,63.2,31.3,9.9,505,0.364,0,1
1067,27.0756,91.7969,9.8,35.1,29.7,1597,0.331,3,0
1068,25.6717,94.5116,53.6,35.5,61.5,2890,0.611,3,1
1069,24.1695,88.2207,87.5,32.0,44.4,2138,0.561,2,1
1070,26.4019,91.8006,45.3,13.8,11.3,962,0.085,0,0
1071,25.1802,96.3135,47.9,27.5,15.7,1368,0.305,1,0
1072,26.2469,93.7972,500.0,61.4,32.5,1629,0.51,3,1
1073,28.6937,92.2175,20.4,20.3,58.7,2853,0.467,1,1
1074,25.2867,96.8914,15.2,18.5,21.0,1554,0.318,2,1
1075,24.3207,96.1129,12.0,19.3,50.5,2661,0.55,2,0
1076,25.5476,91.061,235.1,39.2,46.1,1973,0.602,1,1
1077,25.6148,93.1732,212.3,49.5,46.8,2632,0.698,2,1
1078,27.6405,92.6533,159.4,48.5,64.8,2725,0.771,9,1
1079,27.0637,94.0059,276.3,59.1,42.5,2212,0.532,4,1
1080,28.3114,91.1741,124.5,38.0,22.1,1387,0.381,2,0
1081,27.6537,90.3199,197.5,43.2,4.5,830,0.271,2,1
1082,26.2351,96.6704,3.2,5.8,21.0,1044,0.358,2,0
1083,28.4771,96.7768,253.6,55.2,42.8,1938,0.309,6,0
1084,24.9184,96.0116,1.2,21.8,48.7,2574,0.604,4,0
1085,24.1249,97.2929,67.3,20.4,56.0,2445,0.66,3,1
1086,24.4953,95.0774,30.7,18.2,43.1,2153,0.492,2,1
1087,27.973,95.2643,193.5,55.3,33.1,1936,0.569,6,1
1088,26.5403,95.2446,84.2,33.4,18.5,1296,0.392,2,0
1089,24.887,92.5658,112.0,31.8,38.3,1779,0.4,4,1
1090,26.7557,92.3363,72.5,32.0,30.2,1521,0.209,2,0
1091,24.8377,90.2821,244.1,44.4,65.0,3378,0.457,4,1
1092,27.8298,94.1258,88.6,29.1,57.5,2714,0.524,9,1
1093,26.4539,90.7485,2.9,14.0,16.9,807,0.298,2,0
1094,26.0956,90.4492,8.5,19.3,29.0,1414,0.26,1,0
1095,25.6583,93.5666,416.6,71.9,30.6,1564,0.28,1,0
1096,27.4666,91.8948,25.9,8.6,18.6,1544,0.216,1,0
1097,25.99,90.0791,257.7,57.9,9.1,676,0.373,1,1
1098,24.4821,95.7525,174.1,32.6,15.9,754,0.415,10,0
1099,24.649,96.1754,105.8,37.6,16.1,1103,0.261,3,0
1100,29.2904,89.5931,121.7,38.1,33.1,1483,0.29,6,1
1101,28.9972,88.0713,17.4,27.0,23.3,1224,0.2,1,0
1102,27.8484,91.1932,184.6,44.0,41.7,2463,0.313,1,0
1103,25.4623,95.5764,238.2,60.9,10.8,1025,0.229,1,1
1104,29.3305,95.9722,112.3,32.9,59.9,2531,0.418,3,0
1105,28.2831,89.3141,62.0,34.4,30.6,1638,0.337,2,0
1106,27.9429,95.3562,53.9,32.7,5.8,452,0.423,1,0
1107,26.4715,89.0992,5.7,12.6,13.6,730,0.294,6,1
1108,25.4973,91.7056,21.5,15.8,4.9,707,0.362,1,0
1109,24.5302,97.4868,147.7,34.1,67.2,3142,0.5,6,1
1110,28.9643,89.8296,74.5,21.4,59.2,2988,0.502,4,1
1111,26.5068,89.4627,92.5,26.2,13.9,1281,0.471,1,1
1112,25.113,92.0166,77.5,25.3,30.1,1477,0.354,3,0
1113,25.6828,93.8869,165.9,41.8,17.5,1446,0.376,1,1
1114,27.1857,96.8626,500.0,66.4,14.6,1047,0.488,1,1
1115,24.9723,97.3178,158.7,47.3,12.5,781,0.304,3,1
1116,28.7114,88.6616,2.0,18.5,34.0,2052,0.349,4,0
1117,28.1719,89.311,62.9,33.7,18.8,877,0.338,1,0
1118,27.957,95.512,44.2,11.9,13.1,1016,0.109,0,0
1119,26.3765,90.571,141.8,34.9,18.5,1345,0.168,2,1
1120,27.4502,96.4061,44.9,10.3,27.3,1388,0.185,3,1
1121,27.2125,94.3028,50.8,31.4,16.1,1348,0.461,1,0
1122,27.5742,89.0625,266.3,44.6,17.9,984,0.388,1,1
1123,24.4644,95.909,,39.9,19.7,1476,0.251,1,0
1124,26.2869,89.6754,35.1,18.6,25.3,1167,0.257,3,0
1125,24.2289,92.0232,43.4,27.0,16.5,872,0.383,3,1
1126,26.7169,93.2458,25.0,15.4,25.0,1367,0.534,3,0
1127,25.8142,92.7573,46.8,29.2,8.4,1034,0.176,1,1
1128,24.7949,94.5185,,19.5,7.7,509,0.18,1,1
1129,24.5687,94.2005,21.3,18.5,41.8,2385,0.62,6,0
1130,27.232,97.4244,311.3,45.2,17.1,945,0.471,3,1
1131,24.9383,97.4945,34.1,11.8,9.8,809,0.431,3,1
1132,29.0882,92.9064,19.3,10.4,23.8,1299,0.276,1,1
1133,27.1958,88.9044,14.3,37.5,25.6,1207,0.219,4,0
1134,25.9078,94.9145,16.3,19.3,44.4,2537,0.472,3,0
1135,27.25,97.2783,142.2,20.2,12.7,915,0.203,0,0
1136,24.1254,91.0241,263.9,63.5,64.0,3143,0.78,6,1
1137,29.2721,92.3815,287.7,36.8,31.5,1763,0.225,2,1
1138,26.6527,92.0354,72.9,25.7,17.8,1163,0.372,4,1
1139,28.305,88.4885,80.7,36.0,31.9,1808,0.575,0,1
1140,24.455,94.3865,132.9,47.9,34.0,2089,0.617,5,1
1141,26.6766,91.3567,26.8,29.9,27.9,1706,0.446,2,0
1142,26.6989,95.4809,333.2,55.8,31.8,1745,0.592,5,1
1143,29.158,95.9051,50.6,40.8,19.8,1344,0.162,1,1
1144,27.1445,95.8017,298.3,38.6,42.8,2236,0.429,2,1
1145,26.6042,91.9583,15.8,37.3,57.1,2687,0.384,7,0
1146,25.4684,91.0547,4.0,31.7,20.5,1357,0.529,1,1
1147,25.8236,95.1138,31.7,37.2,13.3,942,0.45,2,0
1148,26.8637,95.6132,,12.9,18.3,1362,0.133,0,0
1149,26.414,92.6669,500.0,64.0,64.0,3338,0.434,8,1
1150,24.1189,96.4838,4.9,25.9,61.6,3236,0.557,2,0
1151,28.5446,89.3671,4.9,21.3,31.5,1935,0.313,2,1
1152,28.9289,96.3512,22.0,23.4,2.6,625,0.356,1,1
1153,24.7714,88.9129,10.0,34.7,4.2,793,0.092,0,0
1154,27.0472,89.4585,10.2,25.2,49.0,2185,0.643,9,0
1155,24.5972,93.0715,30.9,17.7,38.6,1979,0.479,7,0
1156,27.6973,88.6414,12.0,18.4,15.5,900,0.254,0,0
1157,25.5468,88.5017,104.7,20.2,7.3,394,0.107,0,0
1158,27.6268,88.0049,64.4,17.6,60.3,3189,0.801,8,1
1159,27.9985,92.145,76.1,17.4,11.1,1149,0.321,0,1
1160,28.2276,95.3589,28.9,33.2,18.5,1200,0.299,1,0
1161,24.5926,88.331,17.7,28.7,31.6,1542,0.359,2,1
1162,29.0381,94.1964,315.4,55.9,27.4,1681,0.545,4,1
1163,25.2662,95.8197,15.3,18.0,5.6,628,0.366,7,0
1164,24.2058,89.596,38.6,29.8,21.1,1506,0.465,5,0
1165,27.0517,89.3952,41.8,34.7,43.6,2544,0.537,5,1
1166,26.0401,96.1776,60.7,38.9,34.5,1724,0.585,4,1
1167,28.5638,95.8197,5.6,22.3,29.2,1439,0.314,2,0
1168,28.4454,93.1199,52.3,36.1,43.7,2035,0.573,3,1
1169,25.7443,95.7824,49.7,26.1,35.0,1565,0.395,1,0
1170,29.2409,88.8812,60.1,26.1,37.6,1880,0.491,2,0
1171,25.6,91.7476,491.6,85.8,56.4,2368,0.775,5,1
1172,26.8328,95.0091,12.3,18.0,13.3,712,0.482,3,0
1173,25.4078,90.4458,63.7,24.0,21.3,1142,0.347,4,0
1174,29.1482,95.1471,119.7,27.3,41.9,1888,0.509,6,0
1175,24.9053,92.7897,422.3,67.3,6.2,861,0.4,3,0
1176,24.247,95.1275,53.0,27.5,63.1,2698,0.815,12,1
1177,26.393,92.4145,22.7,27.8,11.0,1146,0.385,3,0
1178,29.4581,91.4951,4.3,18.5,66.4,2911,0.469,3,0
1179,28.9042,90.0823,28.4,14.5,23.5,1116,0.286,3,0
1180,28.1173,89.9796,33.5,35.5,10.0,507,0.425,1,0
1181,28.8994,95.1392,411.9,60.7,24.2,1569,0.469,3,0
1182,28.914,89.1296,109.4,45.6,9.1,644,0.358,2,0
1183,26.8537,88.8168,13.2,12.5,17.5,1157,0.384,1,0
1184,25.7376,89.6748,4.4,22.6,49.7,2166,0.497,6,1
1185,28.2461,89.6658,480.7,74.3,23.8,1742,0.32,1,1
1186,27.6391,95.8195,12.6,32.0,24.6,1172,0.488,5,0
1187,26.0551,91.7858,99.8,19.9,58.8,2740,0.51,3,0
1188,24.5196,97.4087,183.7,53.4,27.4,1792,0.457,2,0
1189,28.1073,89.3035,398.9,65.1,35.5,1691,0.527,1,1
1190,25.4435,94.2086,2.0,23.2,19.8,1079,0.47,5,0
1191,29.1525,92.2629,38.3,24.8,17.2,1354,0.243,1,1
1192,25.3253,91.7327,141.7,21.2,18.4,1027,0.419,7,1
1193,24.6752,96.3133,72.8,28.2,2.1,186,0.057,0,0
1194,28.5711,97.2682,36.2,16.8,22.5,1300,0.205,1,0
1195,24.8431,96.2922,80.8,24.2,27.7,1217,0.352,2,0
1196,24.986,89.8269,214.3,48.5,58.4,3073,0.411,4,1
1197,27.2966,90.0976,206.2,42.9,26.5,1609,0.556,3,0
1198,28.8101,94.2327,287.7,39.1,27.2,1596,0.542,6,1
1199,25.0804,90.7463,408.7,51.8,25.4,1257,0.189,0,1
1200,25.7068,94.9799,0.7,10.4,41.8,2262,0.614,1,1
1201,28.2757,93.381,161.0,28.2,28.7,1722,0.395,6,1
1202,29.345,93.2336,211.0,46.9,32.9,1458,0.5,2,0
1203,26.7541,95.8712,9.6,11.2,8.0,1037,0.408,5,0
1204,24.7914,94.7501,53.0,38.1,43.9,2262,0.523,4,0
1205,24.0766,88.2525,15.0,12.8,29.3,1827,0.242,4,1
1206,25.2631,88.4699,96.1,17.9,42.5,1984,0.284,1,1
1207,24.725,93.7148,4.9,32.6,15.0,785,0.299,1,0
1208,27.7271,92.6188,346.1,51.9,6.3,844,0.422,3,0
1209,24.6701,90.4718,208.0,40.8,22.1,1540,0.376,2,0
1210,26.7848,91.9772,10.1,35.8,27.5,1470,0.333,4,0
1211,27.8184,95.2001,467.9,85.7,42.0,1797,0.292,4,1
1212,27.1961,95.8528,17.7,29.0,67.0,3353,0.813,8,0
1213,25.0988,93.3316,172.6,25.7,16.2,892,0.239,4,0
1214,28.4227,91.661,363.4,63.2,22.5,1237,0.432,1,1
1215,27.9347,90.5716,60.2,42.3,33.3,1872,0.5,5,1
1216,28.0644,92.9582,1.9,34.5,15.8,802,0.207,1,0
1217,24.7208,90.9901,21.6,10.2,66.8,2822,0.471,4,0
1218,24.6806,93.3589,206.6,39.7,26.9,1194,0.333,2,1
1219,29.1016,94.4282,234.6,40.2,16.7,1410,0.238,0,1
1220,26.1867,88.6278,128.2,22.7,25.2,1326,0.448,1,1
1221,25.6552,88.0101,94.4,36.8,55.9,2798,0.701,5,0
1222,26.6872,90.0166,4.7,13.6,36.8,2264,0.334,1,0
1223,27.6458,96.4979,128.7,29.5,5.9,805,0.251,3,0
1224,29.2559,94.1398,14.6,9.0,27.8,1580,0.202,2,1
1225,25.5755,89.6336,66.0,27.4,34.8,1857,0.318,2,0
1226,29.0864,96.4575,38.6,13.7,17.8,1076,0.423,4,0
1227,24.1367,92.4646,17.2,,42.4,2216,0.6,4,0
1228,27.0536,92.5229,52.5,14.8,47.9,2687,0.63,3,0
1229,27.4869,96.8876,19.8,36.7,41.3,2304,0.332,2,0
1230,24.5824,88.5651,9.7,10.1,21.1,1241,0.361,4,1
1231,24.7719,90.0442,77.8,29.5,5.0,533,0.202,2,0
1232,26.3051,93.5648,4.1,11.2,45.2,2526,0.698,1,0
1233,29.3143,89.8571,44.2,11.8,16.9,871,0.374,3,0
1234,27.2782,94.4555,17.5,12.8,31.9,1971,0.587,3,0
1235,29.1316,90.0339,352.0,44.9,15.4,895,0.161,2,1
1236,28.424,88.942,10.2,10.0,8.1,925,0.234,2,1
1237,26.5706,89.9664,88.6,29.8,33.0,1984,0.529,4,0
1238,28.3162,92.016,8.5,26.0,20.2,1242,0.282,3,1
1239,24.0981,89.6733,91.7,17.3,6.9,511,0.299,2,0
1240,24.6003,89.2796,8.1,19.3,28.3,1823,0.393,3,0
1241,28.5619,96.1727,37.8,27.0,17.6,1061,0.514,5,1
1242,28.3825,91.0438,3.9,12.3,42.7,2032,0.354,2,0
1243,25.2795,91.4272,4.7,16.7,15.0,1057,0.474,4,0
1244,26.9192,88.5251,80.8,15.7,15.6,1029,0.265,3,1
1245,27.3331,91.395,159.8,29.0,63.2,3106,0.609,10,0
1246,28.7726,90.5157,48.8,24.6,5.5,416,0.248,2,0
1247,27.3171,93.7996,0.7,35.8,15.7,1033,0.211,3,0
1248,26.2691,89.9512,69.7,43.5,18.2,1452,0.507,4,0
1249,26.058,96.4395,76.8,43.8,18.1,849,0.485,7,1
1250,26.3424,96.8318,3.4,18.2,24.2,1388,0.55,1,0
1251,27.5856,88.9484,6.0,7.7,18.3,1294,0.521,3,0
1252,28.7712,89.0203,77.0,23.2,41.6,2385,0.545,5,0
1253,26.4964,89.0956,20.9,14.3,12.3,1008,0.263,3,0
1254,25.3631,93.8859,316.7,39.8,35.9,2113,0.58,6,1
1255,25.3016,89.1587,37.6,11.6,32.2,1544,0.224,2,0
1256,28.1031,96.0976,240.9,45.3,30.1,1551,0.534,4,1
1257,28.4911,95.1656,216.3,39.0,43.2,2487,0.487,4,0
1258,24.579,95.7882,18.2,12.2,57.2,3008,0.651,4,0
1259,24.3661,92.9976,36.1,31.0,5.5,711,0.186,0,0
1260,27.2694,97.4684,,24.9,19.3,1205,0.276,2,0
1261,24.804,88.4197,96.6,42.0,34.3,1788,0.241,2,0
1262,28.5357,91.812,85.1,21.5,58.7,2489,0.561,3,0
1263,25.7068,91.0774,19.1,23.6,9.9,1121,0.229,0,0
1264,24.7913,97.0121,16.3,12.1,43.7,2421,0.381,5,0
1265,29.0653,93.4802,500.0,75.1,45.0,2219,0.399,6,1
1266,24.9104,95.6588,52.5,15.1,10.7,724,0.305,5,0
1267,25.566,89.6182,30.7,13.0,7.2,628,0.175,1,0
1268,24.8449,97.297,31.3,27.2,33.3,1518,0.554,1,0
1269,24.6352,92.7371,8.8,13.8,31.5,1865,0.255,2,0
1270,24.1163,92.6899,22.7,12.4,36.9,1966,0.477,5,0
1271,24.3047,97.2234,7.6,34.6,46.8,2136,0.376,3,0
1272,24.9605,91.617,52.6,11.6,67.3,3228,0.66,7,0
1273,24.2936,91.7765,147.4,38.5,37.2,2273,0.469,3,1
1274,27.2513,93.5552,64.1,28.8,40.5,1806,0.527,1,1
1275,27.7439,89.2165,107.3,24.2,21.9,1297,0.317,0,0
1276,26.165,91.0503,50.7,24.3,38.9,2002,0.463,2,0
1277,25.749,89.8355,355.5,46.4,25.5,1237,0.242,2,1
1278,26.7749,88.9812,439.1,75.5,43.5,2212,0.475,6,1
1279,28.8125,96.2284,10.0,12.6,14.8,1116,0.248,1,1
1280,28.6812,93.5986,6.3,11.3,11.6,674,0.344,5,0
1281,24.2391,91.4074,37.5,18.5,8.5,548,0.231,3,0
1282,24.9982,91.8824,41.0,37.4,17.8,1411,0.43,3,1
1283,25.3021,92.0994,179.8,49.4,6.0,558,0.21,0,0
1284,25.3716,94.0149,140.9,49.8,17.7,1249,0.212,0,0
1285,27.1418,96.8043,301.5,58.2,43.9,2295,0.402,5,1
1286,26.2894,96.8614,15.0,27.0,9.2,1055,0.079,0,1
1287,24.2709,91.7192,31.6,23.1,41.4,2274,0.492,5,0
1288,26.0549,91.128,23.8,35.6,21.2,1536,0.474,3,0
1289,26.8806,92.2849,88.9,30.4,26.0,1578,0.481,1,0
1290,24.5592,93.3954,11.2,16.9,4.9,611,0.208,1,0
1291,28.584,92.3873,2.1,24.9,28.4,1511,0.268,1,0
1292,24.2858,94.2582,52.4,27.5,47.4,2261,0.661,2,1
1293,29.0866,93.2668,24.0,11.0,4.7,581,0.054,0,0
1294,24.5451,91.0468,30.1,20.2,32.7,1499,0.378,6,0
1295,28.6397,91.2844,19.2,16.5,31.9,1673,0.555,4,0
1296,28.9646,91.5966,71.1,39.0,25.9,1409,0.33,2,1
1297,29.3876,88.8991,145.4,32.4,38.5,1664,0.304,3,0
1298,28.4111,89.5776,4.9,30.9,4.1,457,0.134,1,0
1299,28.2871,94.8696,175.0,37.7,37.9,2142,0.493,5,0
1300,27.5337,91.6964,23.8,30.9,20.3,1317,0.196,3,0
1301,28.2845,90.0381,39.0,13.1,23.9,1620,0.421,0,0
1302,24.74,93.3454,146.2,49.7,7.7,788,0.227,1,0
1303,26.9484,95.1776,26.8,22.6,43.0,2418,0.42,3,1
1304,26.8282,90.4455,9.0,13.7,30.0,1857,0.296,5,0
1305,28.7166,95.8545,91.0,22.1,10.5,589,0.399,5,0
1306,26.5454,96.8113,182.8,33.0,3.2,912,0.18,0,0
1307,26.118,93.6752,10.0,17.2,27.2,1198,0.477,1,0
1308,27.5176,94.355,13.0,28.5,34.4,1894,0.405,5,1
1309,25.4655,88.4995,23.3,37.0,6.2,903,0.078,1,0
1310,24.7687,96.9824,47.9,30.8,31.6,1596,0.387,4,0
1311,26.6283,91.7286,48.2,27.0,16.9,1195,0.316,3,0
1312,26.2929,96.7771,161.1,36.4,9.5,733,0.246,3,1
1313,25.2791,93.5003,27.0,33.6,15.1,746,0.427,0,0
1314,26.0213,88.0439,5.1,31.8,50.9,2142,0.704,6,0
1315,26.0152,88.3661,117.9,26.7,5.7,394,0.353,8,0
1316,25.8012,94.464,134.3,49.3,63.9,2725,0.659,5,1
1317,26.0871,93.3453,1.8,17.1,18.2,1256,0.338,1,0
1318,27.7716,88.2521,23.0,32.2,43.3,2200,0.547,3,0
1319,25.6328,95.0629,268.3,64.5,25.9,1455,0.288,2,0
1320,29.2187,96.0954,21.0,29.0,61.3,3036,0.733,4,1
1321,29.0399,92.716,55.0,15.6,32.6,1416,0.56,4,0
1322,26.645,92.4247,57.1,29.2,65.6,2914,0.544,2,0
1323,25.806,88.052,136.8,23.3,19.1,1408,0.488,3,1
1324,26.9449,95.4732,271.6,59.2,2.5,837,0.356,5,1
1325,28.6671,91.1418,85.7,22.8,15.9,1043,0.276,2,0
1326,27.5892,96.3483,215.2,50.1,39.8,1749,0.629,2,0
1327,28.4242,91.5441,11.1,34.4,24.9,1655,0.214,1,0
1328,26.93,93.3682,116.6,23.0,38.5,2260,0.268,5,0
1329,27.481,90.5682,82.2,25.9,41.5,2050,0.416,4,1
1330,25.5849,89.5256,21.9,27.3,14.5,850,0.323,2,1
1331,28.0419,95.3616,12.1,19.1,33.6,1475,0.365,1,0
1332,25.1132,92.7176,51.6,15.7,8.0,834,0.43,0,0
1333,27.8214,93.0966,84.7,14.7,52.6,2841,0.453,4,1
1334,28.734,97.1715,17.1,19.2,34.6,1959,0.343,7,0
1335,24.7266,97.154,,36.9,17.6,1026,0.371,3,0
1336,27.3791,96.1286,37.8,26.7,29.4,1726,0.198,3,0
1337,24.523,89.7823,7.8,10.3,28.3,1814,0.48,1,0
1338,27.9914,93.6456,80.0,27.5,13.4,969,0.24,1,0
1339,24.4647,96.3424,42.9,20.9,19.4,1450,0.52,4,0
1340,29.1477,91.5574,48.8,18.5,22.7,1282,0.428,2,0
1341,24.7557,88.9605,273.9,57.6,4.9,540,0.054,0,0
1342,29.2738,95.7041,17.1,16.1,40.1,2112,0.304,4,0
1343,28.4049,92.5768,84.4,30.8,11.9,901,0.115,0,0
1344,27.2653,93.3617,5.2,34.2,18.6,1528,0.505,4,1
1345,28.3044,97.3304,154.4,38.5,23.3,1393,0.429,3,0
1346,28.3731,93.7685,20.1,26.1,13.8,922,0.263,1,0
1347,29.2031,92.0373,37.6,10.9,24.4,1352,0.243,2,0
1348,25.3936,91.5149,251.6,37.8,33.7,1832,0.574,1,0
1349,27.2454,91.9674,21.5,10.0,37.2,1836,0.329,0,0
1350,24.5228,89.1248,1.4,28.7,16.6,1270,0.393,2,0
1351,27.3889,95.5501,30.8,34.2,45.0,2166,0.605,2,1
1352,24.9421,95.9583,372.0,51.3,28.7,1517,0.309,0,1
1353,27.1072,90.7018,376.4,52.8,43.8,2284,0.494,6,1
1354,27.1484,90.8861,319.0,49.8,65.2,2751,0.524,5,1
1355,26.5629,96.3062,4.8,23.6,42.5,2259,0.435,2,1
1356,26.8745,88.2277,30.8,27.5,40.2,2061,0.654,0,1
1357,28.2016,92.9443,4.3,26.6,33.4,1753,0.5,6,0
1358,28.3958,92.4049,39.8,37.4,63.1,3127,0.759,6,1
1359,26.7068,94.5562,263.7,42.8,44.0,2391,0.51,3,1
1360,27.2978,89.5522,78.2,33.9,44.2,2460,0.39,5,0
1361,29.1218,94.3491,8.8,23.1,28.5,1502,0.475,2,0
1362,24.6585,91.579,75.6,22.4,2.8,441,0.219,2,0
1363,24.6441,93.8778,30.5,36.4,48.6,2544,0.395,1,1
1364,24.4824,88.3809,29.2,10.7,20.7,1335,0.303,2,0
1365,27.6182,92.3864,11.1,28.1,18.6,1286,0.378,1,1
1366,26.3023,92.9614,0.6,27.5,6.8,761,0.339,0,0
1367,28.2588,90.0361,277.8,63.9,34.5,2021,0.327,4,1
1368,27.6918,89.3264,6.1,21.5,67.5,2933,0.8,3,0
1369,25.835,89.7905,13.4,16.1,26.9,1565,0.331,1,0
1370,28.941,91.2693,25.1,33.3,59.5,2591,0.505,3,0
1371,28.1939,88.9197,500.0,83.8,16.0,1025,0.185,2,1
1372,25.4879,96.9995,13.5,21.7,65.7,3193,0.76,6,0
1373,26.0031,91.8474,37.8,32.8,13.3,977,0.23,0,0
1374,25.7294,95.6852,30.7,16.3,9.7,754,0.258,2,0
1375,24.8669,97.257,49.0,28.5,36.5,2179,0.332,3,1
1376,24.8128,88.767,11.6,33.0,25.3,1653,0.443,3,0
1377,29.1487,94.1909,29.8,17.8,15.2,1076,0.414,7,0
1378,26.4085,96.2784,293.5,52.0,43.3,2497,0.424,5,1
1379,26.1083,94.0252,37.7,38.6,41.5,2057,0.655,6,0
1380,28.0133,92.0757,237.1,55.7,25.3,1664,0.181,1,1
1381,27.0415,92.0952,13.9,34.0,9.5,598,0.117,1,0
1382,29.1488,88.341,8.7,17.6,3.3,432,0.258,0,0
1383,28.2917,93.0787,170.1,54.6,23.7,1285,0.439,4,0
1384,26.6365,97.4387,369.6,50.0,19.4,950,0.23,0,1
1385,26.07,97.1077,65.7,28.1,42.1,2135,0.502,3,1
1386,29.4265,88.3838,72.6,27.6,16.5,895,0.237,1,0
1387,27.9477,94.7051,500.0,84.7,17.3,1236,0.337,2,1
1388,29.2316,90.8668,40.7,37.6,63.5,2773,0.687,7,0
1389,24.6516,96.5784,67.4,34.9,27.2,1274,0.57,3,1
1390,28.6779,88.4286,359.7,63.8,12.4,1274,0.265,2,1
1391,27.5039,96.8908,65.0,25.1,17.2,1249,0.374,1,1
1392,24.6706,95.956,96.9,31.2,54.2,2924,0.593,7,1
1393,27.2354,89.1163,,51.2,29.6,1627,0.324,2,0
1394,27.7735,88.5683,66.8,12.5,6.1,367,0.142,0,1
1395,24.0677,95.9297,1.0,20.5,12.7,1010,0.48,1,1
1396,26.4987,89.4797,17.2,33.4,23.8,1443,0.241,0,0
1397,28.5397,93.0815,73.3,34.9,60.4,2526,0.719,5,0
1398,25.6245,96.6996,163.5,47.5,40.8,2335,0.331,3,1
1399,26.522,93.3908,11.1,18.0,10.8,966,0.394,2,0
1400,26.4327,91.7737,40.3,25.6,31.1,1865,0.282,1,0
1401,25.6606,92.2277,3.6,6.0,4.0,606,0.414,0,0
1402,29.0514,88.5996,50.6,22.1,20.3,1345,0.41,7,0
1403,28.2971,97.2031,,21.3,15.2,888,0.137,0,0
1404,24.6082,90.9512,91.7,22.6,51.1,2826,0.618,3,0
1405,29.4837,89.799,2.9,5.8,58.0,2701,0.628,4,0
1406,28.8356,90.7174,50.6,31.8,7.0,494,0.182,2,0
1407,25.5615,97.1615,19.1,20.3,8.5,479,0.161,0,0
1408,28.6029,88.8957,1.9,17.8,62.6,3049,0.705,4,1
1409,24.5853,96.2394,207.2,35.2,31.6,2052,0.507,3,0
1410,29.4951,94.7245,23.4,24.0,26.6,1791,0.308,2,1
1411,27.6613,95.8852,428.3,65.4,34.7,1979,0.582,4,1
1412,27.5757,97.271,187.9,40.1,9.3,1165,0.17,0,0
1413,24.4974,96.0005,273.3,52.9,60.0,3006,0.428,3,1
1414,28.9337,96.9621,17.2,6.6,63.7,2885,0.665,7,0
1415,24.1595,89.2059,13.2,34.5,36.6,1985,0.287,6,0
1416,25.3246,95.56,86.8,16.3,24.7,1144,0.275,3,1
1417,24.7866,93.1839,354.4,57.7,31.6,1519,0.414,5,1
1418,28.2722,93.1632,23.9,13.7,13.1,916,0.202,0,0
1419,25.0901,96.5398,49.9,26.5,7.7,549,0.137,1,0
1420,29.0085,97.2321,0.3,13.4,40.8,2399,0.553,2,1
1421,27.6095,94.696,29.9,34.9,33.1,2121,0.439,6,0
1422,24.1989,92.5879,500.0,72.0,51.2,2408,0.677,5,1
1423,24.0299,92.3358,9.1,25.6,5.4,812,0.268,2,0
1424,24.2841,91.6702,10.5,13.5,35.5,1805,0.43,4,0
1425,27.3326,91.4352,7.2,5.9,30.4,1414,0.307,3,0
1426,28.4081,91.7193,49.6,22.7,15.1,940,0.417,3,0
1427,25.312,88.8527,16.6,23.2,26.1,1307,0.253,2,0
1428,28.6717,88.7356,6.2,19.7,25.4,1346,0.266,2,0
1429,24.3148,95.4088,10.4,35.9,22.4,1147,0.486,4,0
1430,28.4053,92.2377,119.6,39.9,18.0,899,0.416,2,1
1431,29.1029,96.8415,1.9,36.1,37.4,1748,0.494,9,0
1432,28.2466,93.8161,19.0,15.9,10.3,1146,0.084,0,0
1433,27.8397,88.3342,45.5,34.4,40.0,1760,0.318,3,1
1434,28.6089,89.4965,30.5,25.4,4.7,515,0.231,2,0
1435,24.2208,89.9553,48.5,29.1,42.9,2186,0.585,2,1
1436,25.1098,97.2695,16.7,37.4,38.5,1888,0.442,1,0
1437,24.6871,90.0777,255.8,53.2,69.5,3242,0.47,2,1
1438,26.7749,92.8997,45.3,37.8,44.4,1906,0.37,0,0
1439,28.0985,96.8937,17.2,29.3,19.2,1322,0.364,2,0
1440,27.4651,97.2833,55.5,14.6,33.2,1822,0.499,4,0
1441,28.6812,90.2454,110.6,38.7,57.5,2877,0.397,4,0
1442,24.8537,88.4666,168.7,38.3,16.3,1149,0.126,0,0
1443,28.0404,89.4592,27.3,36.4,37.6,1911,0.355,2,1
1444,25.0617,88.6016,69.7,37.6,17.1,1029,0.147,2,0
1445,25.4892,89.8537,45.8,12.8,25.1,1263,0.384,0,0
1446,27.9045,93.4014,9.3,9.7,39.3,2022,0.311,4,1
1447,29.3911,96.6683,411.6,52.0,40.5,1738,0.529,4,0
1448,27.3635,93.1036,140.0,35.4,10.0,730,0.378,2,0
1449,24.2998,93.9469,22.9,9.6,37.7,2083,0.64,5,0
1450,27.3897,89.9177,121.8,40.7,20.2,984,0.514,4,0
1451,24.2329,95.6055,17.3,23.8,60.1,2548,0.51,4,0
1452,28.8628,93.869,254.3,58.8,9.0,917,0.072,1,0
1453,27.9027,96.2093,66.1,20.6,20.2,1186,0.266,3,0
1454,24.9522,97.014,27.1,23.8,20.2,1469,0.418,0,0
1455,24.5045,91.3051,0.9,8.3,7.0,1036,0.071,0,0
1456,25.0094,88.8605,250.6,59.9,24.5,1750,0.307,0,1
1457,29.3901,90.1463,5.3,10.6,14.4,974,0.215,1,0
1458,26.5221,92.1595,9.6,8.8,58.4,2621,0.477,3,0
1459,28.3124,96.9841,154.4,27.9,22.5,1426,0.432,2,1
1460,27.5002,91.5939,54.4,35.9,15.1,1144,0.364,1,1
1461,27.1483,95.3223,44.0,12.7,57.4,2832,0.597,9,1
1462,24.7982,93.1345,102.1,35.1,9.6,709,0.428,1,1
1463,29.2031,89.7367,7.0,28.8,6.5,405,0.085,0,0
1464,25.6574,91.047,273.3,58.2,28.8,1399,0.252,0,0
1465,27.1791,94.2053,13.1,11.9,23.9,1164,0.313,1,1
1466,27.8488,94.3921,43.6,11.2,41.3,1839,0.538,4,1
1467,27.5708,92.1302,85.2,28.0,27.8,1860,0.419,1,0
1468,29.1733,90.1721,26.0,13.7,36.4,1566,0.272,7,0
1469,24.8164,94.8581,32.4,30.1,28.5,1661,0.573,2,1
1470,26.7959,89.6043,97.3,26.4,58.0,3083,0.509,5,1
1471,26.2222,96.8984,,21.8,15.7,980,0.248,1,0
1472,26.6079,89.7851,4.7,8.6,60.6,2893,0.653,2,0
1473,24.6557,89.0195,30.4,25.7,21.8,1459,0.523,2,0
1474,24.7375,92.7277,110.7,22.5,55.5,2542,0.635,3,1
1475,25.5294,92.9357,7.0,26.7,40.3,2046,0.651,9,1
1476,25.6759,92.8278,48.2,12.0,20.0,1472,0.208,3,0
1477,26.3535,92.1483,500.0,90.2,67.1,3306,0.695,6,1
1478,27.3604,97.4507,0.5,26.1,42.6,2370,0.616,5,0
1479,27.4905,92.6197,233.7,35.9,59.9,3187,0.603,6,0
1480,26.265,92.5405,311.6,39.2,35.0,1759,0.378,2,1
1481,26.2483,92.0068,6.5,15.8,66.5,3283,0.837,8,0
1482,25.197,88.6348,2.0,9.5,41.9,2198,0.336,5,0
1483,27.2357,93.6331,119.3,24.5,28.5,1707,0.354,5,0
1484,25.7437,90.1657,321.9,67.4,5.3,830,0.385,1,0
1485,24.1983,94.0573,173.3,42.6,13.8,1177,0.452,1,0
1486,26.3012,88.4829,,12.0,45.3,2532,0.694,10,1
1487,26.6077,97.3232,46.0,27.1,24.8,1337,0.519,2,0
1488,25.2408,92.4555,77.8,21.1,2.2,645,0.035,0,1
1489,27.1485,96.5192,8.3,36.2,11.3,748,0.447,1,0
1490,27.1117,92.5178,99.2,16.4,66.1,3160,0.612,5,1
1491,27.861,88.5731,260.9,56.3,41.4,2282,0.537,6,1
1492,27.5637,95.811,59.2,35.4,24.8,1646,0.323,1,0
1493,27.5884,94.1577,43.6,11.4,34.7,1782,0.557,7,1
1494,25.7392,95.4267,24.8,12.6,16.7,1124,0.342,3,0
1495,28.3309,92.0676,16.7,18.4,5.0,534,0.372,4,0
1496,27.0203,94.0604,24.4,34.5,20.7,1046,0.216,2,0
1497,26.3728,96.1342,51.7,27.1,20.8,1114,0.213,1,1
1498,27.4431,93.9951,18.0,27.1,17.6,1442,0.293,2,0
1499,25.9836,91.3029,22.6,31.7,37.0,1796,0.249,3,0
1500,26.8201,94.294,9.8,31.7,3.6,926,0.301,0,0
1501,28.0519,94.3826,33.2,23.2,5.6,493,0.156,0,0
1502,28.8752,97.1256,186.4,41.0,44.8,2398,0.522,5,0
1503,29.0658,91.5237,15.1,28.8,35.0,1902,0.261,2,0
1504,26.77,92.0383,33.4,16.5,32.3,1880,0.284,4,1
1505,26.8615,95.7152,35.5,35.3,41.8,2223,0.528,3,1
1506,28.3993,92.8047,32.7,8.8,18.7,1343,0.247,3,0
1507,25.7295,94.9974,3.1,11.0,2.7,842,0.104,0,0
1508,28.6056,92.3672,256.7,57.9,30.3,1706,0.294,4,0
1509,26.7178,90.0472,7.3,16.0,52.8,2259,0.438,3,0
1510,24.6372,95.0794,22.9,11.7,37.8,1802,0.501,5,1
1511,24.3963,89.246,74.8,18.6,12.8,1108,0.152,0,0
1512,28.631,89.8865,74.9,29.5,40.1,2050,0.412,4,1
1513,24.3056,93.9548,50.4,36.7,40.9,2120,0.548,1,0
1514,25.5434,95.0991,12.2,8.1,35.6,1942,0.443,1,0
1515,25.8377,96.4995,3.1,5.8,37.4,1864,0.488,4,0
1516,24.9515,90.5896,361.8,59.0,23.6,1586,0.258,3,0
1517,25.7264,89.0519,18.2,36.6,33.7,1954,0.598,5,0
1518,28.0848,97.0824,5.4,13.9,18.1,1324,0.286,3,0
1519,24.0808,89.467,34.0,38.5,16.6,1265,0.225,3,1
1520,28.5495,89.8778,92.6,42.6,44.3,2495,0.657,2,1
1521,28.711,90.7676,11.6,14.7,26.1,1561,0.436,0,0
1522,26.0474,93.0292,14.9,31.9,39.8,2369,0.511,4,1
1523,24.8449,96.3868,15.0,27.8,52.6,2287,0.705,7,0
1524,27.3046,95.2252,377.5,62.1,45.2,2350,0.325,0,1
1525,24.6582,94.7275,128.5,32.0,47.7,2510,0.653,5,0
1526,26.0071,89.6642,59.9,36.8,52.9,2550,0.624,6,1
1527,29.2714,91.398,49.1,34.9,16.2,950,0.252,2,1
1528,29.4751,92.5448,84.1,37.6,19.8,1277,0.235,2,1
1529,28.2466,89.4005,97.3,46.6,11.1,799,0.116,2,0
1530,25.7103,90.5976,69.8,27.3,9.9,1132,0.442,2,0
1531,27.7822,90.9292,5.5,30.5,7.7,658,0.108,2,0
1532,27.8797,89.2091,16.0,33.4,34.7,1611,0.335,5,1
1533,26.1331,93.2273,500.0,66.2,44.5,2283,0.573,4,1
1534,27.5249,94.6978,56.7,12.1,61.3,2829,0.693,5,1
1535,24.059,88.6644,321.6,52.6,32.2,1455,0.279,0,1
1536,25.1498,92.5707,30.7,34.9,26.0,1535,0.499,4,1
1537,26.888,95.431,56.1,19.8,15.6,1100,0.308,2,0
1538,24.9006,95.1059,16.9,28.4,20.8,1053,0.478,5,1
1539,24.9125,95.7432,20.9,7.0,14.7,1106,0.133,2,1
1540,28.5997,92.2583,197.0,37.4,53.3,2629,0.372,4,1
1541,29.4402,95.7953,69.0,31.5,16.3,1294,0.363,0,0
1542,27.0578,90.2872,77.8,17.1,16.6,1017,0.171,2,0
1543,28.6149,91.4277,78.3,41.4,5.9,510,0.249,2,1
1544,29.4468,89.6754,339.7,46.8,31.3,2018,0.214,4,0
1545,24.7788,92.4411,6.9,33.9,19.9,1289,0.445,4,0
1546,26.4654,91.7246,15.0,13.0,18.9,875,0.486,5,0
1547,26.1591,90.2888,59.0,42.3,2.1,758,0.35,3,0
1548,24.4403,95.1419,23.7,26.2,36.6,1702,0.627,6,0
1549,28.1543,90.9815,73.3,15.2,28.9,1806,0.554,3,1
1550,26.3858,90.5916,226.9,31.5,18.6,1338,0.302,3,0
1551,26.5813,89.2435,500.0,61.9,17.5,1478,0.276,4,0
1552,24.8287,92.1688,27.5,26.1,48.6,2720,0.682,4,1
1553,24.9951,90.8782,19.6,32.2,61.5,2752,0.781,7,1
1554,28.9891,91.5081,30.1,20.5,39.5,2217,0.652,6,1
1555,24.2456,90.242,500.0,73.5,5.7,550,0.345,0,1
1556,25.2807,95.25,36.4,27.1,55.0,2740,0.447,7,0
1557,25.6063,96.835,45.4,26.3,39.3,2090,0.64,6,1
1558,26.6961,92.7304,3.2,26.5,27.9,1254,0.565,6,1
1559,27.2254,94.1085,29.2,22.6,52.6,2208,0.617,6,0
1560,26.7131,96.2381,193.4,48.3,11.1,584,0.417,2,0
1561,24.4626,97.4889,141.2,51.4,15.3,802,0.326,4,1
1562,25.3402,93.8284,68.0,23.0,18.0,1000,0.498,8,1
1563,28.6397,96.4529,36.4,8.9,17.4,1431,0.154,1,0
1564,27.5067,96.6318,307.1,42.2,17.2,1151,0.46,2,0
1565,27.5703,95.5188,220.1,46.1,7.2,946,0.07,1,0
1566,27.6861,92.3788,12.7,16.7,19.7,1475,0.267,1,0
1567,28.196,88.771,6.9,34.9,10.7,1042,0.125,0,0
1568,24.3196,88.1502,30.4,27.6,28.1,1498,0.379,4,0
1569,26.0163,92.5334,17.8,22.8,19.3,1477,0.222,0,0
1570,26.9674,92.696,22.4,32.1,7.0,899,0.427,4,0
1571,25.8615,91.8699,15.7,14.4,24.1,1584,0.384,1,0
1572,28.6446,93.3976,14.5,31.9,62.9,3247,0.778,4,0
1573,26.6541,93.2455,17.0,6.5,35.2,1927,0.346,5,0
1574,28.2275,95.9478,67.1,31.4,9.4,846,0.073,0,0
1575,28.6861,89.0322,27.7,37.0,14.3,1295,0.406,7,1
1576,26.7764,90.1392,42.6,34.0,20.3,1230,0.416,4,0
1577,29.0025,95.5335,92.6,41.6,16.0,1308,0.325,2,0
1578,27.2292,96.0545,43.8,21.8,42.8,1850,0.611,6,0
1579,28.6765,97.4508,81.5,39.4,48.7,2049,0.661,8,0
1580,25.8732,96.2927,49.1,27.3,32.2,1758,0.45,3,1
1581,26.7435,96.454,9.3,25.0,6.4,408,0.429,2,1
1582,26.9228,90.9863,65.7,13.6,59.2,3152,0.683,3,1
1583,24.5774,91.8158,67.8,18.3,7.2,392,0.319,3,0
1584,26.192,90.5468,221.3,46.2,26.3,1655,0.32,4,0
1585,29.0454,93.7598,140.8,21.8,9.0,630,0.061,2,0
1586,27.4696,96.9187,191.7,48.9,20.5,1597,0.233,2,0
1587,24.9763,91.2741,91.7,41.0,44.5,2147,0.602,4,1
1588,25.8637,93.2915,141.9,49.1,42.9,1835,0.57,6,0
1589,25.0538,90.8148,154.5,24.7,16.5,779,0.242,1,0
1590,24.1365,89.6131,12.7,35.5,2.8,599,0.269,1,0
1591,29.101,89.8543,128.2,20.7,56.1,3035,0.452,7,1
1592,26.4651,88.5505,51.5,25.1,20.3,1598,0.241,2,0
1593,25.6914,97.0183,7.0,31.7,66.7,3004,0.824,5,1
1594,27.2916,91.8274,246.1,33.8,7.1,722,0.213,1,1
1595,24.0402,95.9241,3.6,5.5,29.5,1350,0.295,2,0
1596,25.5291,94.4726,28.3,,14.9,1062,0.294,4,0
1597,27.8667,89.8233,34.3,24.4,10.4,936,0.224,1,0
1598,27.4857,89.6669,6.0,30.7,5.2,484,0.326,3,0
1599,29.3999,95.7139,95.7,19.0,44.7,2316,0.683,1,1
1600,27.412,90.5148,27.9,11.5,52.6,2834,0.587,6,0
1601,26.6263,96.6762,91.6,32.5,39.8,1693,0.502,4,1
1602,28.1879,89.3305,71.2,19.7,23.2,1188,0.301,2,0
1603,28.9683,94.4382,122.4,41.0,50.8,2279,0.565,4,0
1604,27.9638,95.7375,26.8,37.4,39.8,1779,0.393,5,0
1605,29.2977,90.2349,17.0,30.5,58.2,2544,0.388,3,1
1606,28.301,90.624,135.5,47.0,39.9,2134,0.612,3,1
1607,28.7674,97.1629,10.2,22.0,40.9,1808,0.444,5,0
1608,24.6276,90.5137,160.5,48.4,13.0,1137,0.284,2,1
1609,28.0283,92.0846,150.1,26.8,31.6,1985,0.244,2,0
1610,26.4205,92.1089,198.1,28.4,36.8,2221,0.58,3,0
1611,27.0421,90.4038,75.0,33.4,43.0,2282,0.355,5,0
1612,27.5976,95.37,20.9,8.4,12.5,738,0.248,2,0
1613,29.334,95.3326,27.4,35.6,20.9,996,0.475,5,0
1614,29.4152,91.594,45.0,31.2,31.9,1538,0.396,5,0
1615,25.5853,95.9337,10.2,35.6,35.2,2181,0.607,4,1
1616,28.0356,90.0242,14.1,15.9,56.5,3034,0.46,1,1
1617,28.1249,88.0409,12.4,21.2,13.4,903,0.375,0,1
1618,25.9057,93.4261,110.5,40.0,22.7,1236,0.543,5,1
1619,24.6813,97.4437,133.0,,51.5,2517,0.563,6,1
1620,24.2252,88.3671,2.6,21.9,42.1,1988,0.558,8,1
1621,28.2754,89.976,500.0,80.3,16.4,1442,0.267,1,0
1622,26.6933,92.9297,70.0,43.0,20.2,1063,0.435,6,0
1623,29.4205,95.6944,10.7,29.1,38.2,1886,0.618,2,0
1624,26.5574,88.8459,11.3,9.5,27.1,1485,0.462,3,0
1625,29.3785,91.7547,38.5,23.7,9.2,556,0.436,1,1
1626,26.2637,95.0972,8.0,23.9,6.3,620,0.277,5,1
1627,28.3653,91.5297,132.4,23.7,37.0,2180,0.478,5,0
1628,24.4665,89.7939,4.4,18.6,15.7,826,0.227,3,0
1629,27.055,89.8572,338.1,50.6,32.1,1793,0.498,3,1
1630,28.4113,91.8955,500.0,63.2,35.9,1821,0.592,6,1
1631,29.0859,92.5545,34.5,24.4,56.5,2479,0.635,7,0
1632,28.5242,96.1872,0.6,9.8,22.1,993,0.241,6,0
1633,24.2033,94.1014,1.1,23.2,8.6,635,0.275,2,0
1634,26.0499,94.5588,21.1,12.2,14.2,711,0.397,7,0
1635,24.2678,97.3384,153.7,44.2,40.3,1976,0.644,4,1
1636,24.6011,91.9125,14.5,12.2,25.0,1667,0.229,3,0
1637,27.7142,91.8319,88.5,42.5,16.7,1272,0.162,3,0
1638,27.9229,96.7718,31.2,8.8,20.1,1567,0.299,2,0
1639,28.2555,90.3358,13.5,22.4,26.5,1459,0.227,1,0
1640,28.76,94.9332,0.3,14.6,20.1,1399,0.526,3,1
1641,28.0669,95.1684,73.6,19.7,16.3,1218,0.278,0,0
1642,28.4048,88.929,26.4,22.3,54.7,2440,0.578,4,1
1643,24.2693,92.4482,116.2,43.8,42.3,2005,0.373,5,0
1644,25.2899,89.9053,41.5,37.9,38.6,2015,0.437,6,1
1645,27.4204,89.7611,10.8,15.2,17.3,1350,0.509,5,0
1646,28.7197,92.4064,70.9,17.2,12.7,931,0.28,3,0
1647,24.0248,90.7496,9.3,28.2,5.4,475,0.04,0,0
1648,26.8305,95.5626,49.7,28.3,24.2,1763,0.258,3,0
1649,27.7251,96.6222,69.9,18.5,3.3,313,0.413,1,0
1650,24.1628,95.6258,129.5,42.7,24.8,1761,0.561,7,0
1651,26.2075,90.5273,2.8,21.2,13.9,1222,0.177,3,0
1652,28.926,90.6043,205.5,47.7,42.1,2371,0.527,7,1
1653,27.6939,90.4199,3.5,16.2,25.3,1668,0.199,4,0
1654,25.3071,89.2829,13.9,19.9,24.2,1214,0.392,5,0
1655,28.6903,96.9661,31.2,13.6,43.1,2267,0.338,2,0
1656,25.9142,91.8195,45.9,33.4,43.2,2358,0.615,4,0
1657,28.6934,90.1346,75.5,17.8,23.5,1562,0.532,2,0
1658,25.6442,96.0434,92.3,39.2,56.4,2546,0.445,3,0
1659,27.2468,91.7924,19.6,31.8,43.0,1947,0.472,4,0
1660,26.1832,88.3336,500.0,83.0,27.4,1426,0.223,1,1
1661,25.5115,89.5384,54.6,11.1,13.9,992,0.228,3,0
1662,28.8761,94.0729,18.0,15.1,16.2,1150,0.134,0,0
1663,25.0318,95.4376,3.1,19.6,39.5,2266,0.369,4,0
1664,24.4665,90.0039,65.8,30.5,42.1,2322,0.677,8,1
1665,25.8806,96.7153,50.0,39.0,28.3,1705,0.207,2,0
1666,27.947,96.0845,37.7,20.5,25.5,1304,0.514,2,1
1667,28.4409,96.0596,87.5,41.7,10.7,863,0.102,1,0
1668,29.4931,90.1628,3.4,10.0,8.5,675,0.268,2,0
1669,25.63,88.4801,36.7,20.2,29.4,1440,0.377,4,0
1670,26.2437,96.2405,3.9,6.6,18.9,863,0.499,3,1
1671,24.7525,90.9051,180.6,47.8,43.6,2082,0.37,2,1
1672,27.1618,93.8797,17.9,11.2,41.9,1955,0.351,3,1
1673,29.4867,95.2197,89.3,22.4,34.5,1880,0.529,5,1
1674,27.8548,89.2188,142.3,44.6,37.6,1648,0.541,4,1
1675,27.2737,95.418,71.6,29.2,66.8,2961,0.725,9,0
1676,26.158,96.9159,223.6,29.5,67.9,2847,0.463,4,0
1677,29.0341,94.9196,82.6,13.7,48.3,2481,0.426,2,0
1678,26.733,92.1916,6.7,21.3,41.1,2142,0.61,1,1
1679,24.739,96.3284,119.5,27.3,4.9,532,0.273,1,0
1680,26.0096,93.0108,500.0,65.2,58.5,2543,0.631,3,1
1681,24.3694,95.0753,9.0,,2.8,883,0.137,0,0
1682,25.1109,95.7948,247.5,38.9,43.4,2245,0.393,4,1
1683,24.0972,95.1189,,41.4,18.1,1299,0.499,5,1
1684,26.493,90.7346,91.0,26.5,2.1,556,0.305,3,1
1685,27.49,89.1195,3.5,10.8,42.0,2345,0.331,7,0
1686,25.8881,90.2642,5.7,9.5,28.5,1867,0.565,2,0
1687,26.3121,92.7773,65.8,19.2,14.9,964,0.332,2,0
1688,29.2757,92.8001,73.4,13.5,19.5,1363,0.263,3,0
1689,28.1358,93.5351,57.7,20.6,12.8,773,0.244,1,0
1690,26.9747,91.7535,,39.2,19.1,1320,0.417,2,1
1691,25.565,95.4755,40.9,35.2,8.1,703,0.205,2,0
1692,28.9335,96.675,112.8,28.6,42.5,1805,0.515,2,0
1693,25.293,90.3439,84.9,32.0,16.7,1437,0.396,2,0
1694,25.7894,94.997,22.3,24.8,28.1,1832,0.265,1,0
1695,28.9999,94.4407,4.0,31.0,42.4,2000,0.66,4,0
1696,26.9125,92.9694,54.7,18.0,14.3,1370,0.238,2,0
1697,28.0827,89.791,500.0,68.8,59.7,2710,0.566,2,1
1698,27.2491,95.5547,59.0,,61.3,2873,0.688,6,0
1699,27.5939,97.1259,123.2,19.3,58.4,3032,0.633,3,0
1700,25.6466,94.8574,75.9,22.8,9.8,705,0.241,3,0
1701,25.3275,96.7197,148.3,48.5,17.6,1119,0.377,1,0
1702,25.7737,97.3498,25.2,36.0,11.8,1038,0.44,6,1
1703,24.8549,91.3445,16.1,9.7,42.1,1875,0.601,5,0
1704,28.8087,94.0631,15.2,20.6,13.7,944,0.421,2,1
1705,25.5579,92.5024,120.4,29.8,51.4,2373,0.446,4,0
1706,27.0882,97.373,17.8,21.9,40.2,2182,0.436,1,1
1707,28.3559,88.8912,11.1,23.2,18.0,915,0.342,1,0
1708,28.311,91.9176,11.1,6.4,3.9,419,0.044,0,0
1709,26.4111,96.3176,78.5,39.7,21.5,1458,0.451,4,0
1710,26.6194,90.6985,,41.5,18.4,945,0.252,0,0
1711,29.4709,95.484,26.1,28.0,18.8,1147,0.238,0,1
1712,27.7103,91.6364,44.7,30.2,13.4,1135,0.193,2,0
1713,28.4805,97.3098,70.0,28.8,50.9,2672,0.453,2,0
1714,28.964,96.3935,8.7,16.0,38.0,1686,0.389,2,0
1715,28.3317,90.8625,83.9,18.4,6.1,940,0.283,1,0
1716,25.0185,95.3168,70.2,30.6,12.7,1115,0.318,0,0
1717,27.0919,91.2001,42.3,10.6,43.7,2086,0.394,2,1
1718,24.5604,93.7604,236.0,56.4,60.9,3071,0.489,4,1
1719,27.5911,94.2556,37.1,21.8,14.7,1198,0.429,5,1
1720,29.2544,95.8812,8.7,18.5,57.3,2813,0.419,6,0
1721,26.82,88.2323,107.0,26.6,19.4,1267,0.334,7,1
1722,26.3813,90.0915,41.3,39.6,7.8,926,0.26,1,0
1723,24.1971,94.7632,87.5,19.6,43.8,2551,0.522,4,1
1724,29.2788,93.3535,23.3,11.8,14.9,1101,0.454,1,0
1725,24.5665,92.7082,11.5,11.0,37.5,2166,0.5,1,0
1726,24.2259,88.5245,1.6,25.4,27.5,1721,0.573,3,1
1727,25.3534,91.3086,44.6,40.7,5.2,907,0.383,2,0
1728,24.3604,96.2185,28.9,15.1,17.9,1484,0.205,2,0
1729,26.5031,88.2935,134.3,,30.2,1443,0.298,5,1
1730,26.8385,91.7661,13.5,14.8,18.5,956,0.261,0,0
1731,25.7191,96.9789,88.7,34.7,45.0,2310,0.457,1,1
1732,24.2803,88.4834,26.2,8.7,6.0,655,0.261,2,0
1733,24.6138,95.1222,0.0,20.1,39.1,2064,0.354,2,1
1734,26.1148,90.4473,10.7,26.3,53.0,2779,0.442,4,0
1735,24.3329,96.2328,38.9,25.7,6.9,1028,0.199,2,0
1736,27.84,95.0876,24.6,14.7,16.0,1032,0.375,1,1
1737,25.1386,96.4142,96.0,41.2,20.1,1407,0.409,2,1
1738,25.6614,90.0513,21.4,37.4,45.5,2058,0.694,5,0
1739,26.1677,93.0473,51.0,24.6,19.4,1250,0.21,2,0
1740,26.2914,95.4031,9.6,25.6,23.1,1039,0.311,3,0
1741,24.0091,90.3341,119.2,42.5,32.4,1749,0.602,3,1
1742,24.6164,90.1921,17.1,14.0,14.3,1054,0.371,1,0
1743,28.7452,88.2582,93.6,42.0,12.0,1095,0.317,0,1
1744,24.0068,97.1059,306.9,47.1,66.4,3211,0.659,6,1
1745,26.7949,94.7452,8.5,29.9,4.0,511,0.057,0,0
1746,26.6923,94.0378,184.2,28.3,44.4,1880,0.653,3,1
1747,25.832,95.0679,136.6,28.6,17.6,885,0.368,1,0
1748,26.3723,93.0503,31.7,24.8,56.9,3057,0.608,8,0
1749,28.2932,92.5233,28.0,24.1,28.2,1874,0.404,4,0
1750,28.6266,92.2706,105.0,42.8,18.1,1052,0.277,3,0
1751,25.4319,94.0842,322.0,71.3,41.4,1937,0.378,2,0
1752,25.7737,89.9146,25.6,10.7,18.4,1141,0.425,1,0
1753,25.3337,96.4366,154.2,30.0,41.2,2231,0.478,8,0
1754,26.6392,95.7116,14.3,17.3,17.8,1062,0.132,1,0
1755,27.7579,91.3209,53.9,25.5,11.0,587,0.233,0,1
1756,25.2554,93.4968,135.5,35.0,64.7,2970,0.803,5,1
1757,25.819,89.3398,2.5,31.7,69.5,3062,0.613,5,1
1758,29.1171,97.2373,41.2,33.3,31.8,1599,0.377,3,1
1759,24.2671,96.5775,3.6,5.5,66.9,2890,0.696,3,0
1760,26.5342,96.758,53.6,24.7,41.2,2209,0.595,2,0
1761,27.9136,91.1555,20.8,26.3,28.0,1589,0.454,5,0
1762,24.8275,89.6068,80.4,27.8,16.7,958,0.451,1,1
1763,24.2606,90.0118,136.0,23.6,7.5,788,0.096,0,1
1764,24.7601,88.855,58.1,23.4,4.2,613,0.398,0,0
1765,29.0535,89.1411,118.4,30.5,19.8,1449,0.494,1,1
1766,24.0509,88.6774,21.3,12.8,4.8,961,0.24,1,0
1767,25.0358,97.4033,7.9,29.2,14.3,763,0.345,4,1
1768,24.1721,88.7035,55.6,20.7,25.7,1747,0.256,3,1
1769,24.6085,89.2591,270.4,52.8,45.9,2429,0.485,1,1
1770,27.4108,95.8589,136.4,35.7,12.7,1093,0.166,0,0
1771,25.329,93.5123,500.0,87.1,33.0,1682,0.229,0,1
1772,27.1307,95.357,72.7,16.3,34.5,1721,0.622,1,1
1773,27.2461,93.9937,,16.5,13.3,636,0.192,4,0
1774,28.6719,96.3807,24.8,16.7,62.6,3292,0.655,6,0
1775,24.0261,94.0654,268.4,47.6,9.4,901,0.183,1,0
1776,28.6935,92.9602,37.1,18.0,58.5,2722,0.538,1,1
1777,27.4052,94.7711,23.3,31.1,16.6,1145,0.27,1,0
1778,24.8951,92.2502,21.4,14.6,11.0,568,0.207,1,0
1779,28.2512,91.2876,498.0,62.0,32.7,1530,0.473,5,1
1780,28.7052,92.4427,61.7,24.3,31.1,1780,0.592,4,1
1781,25.3984,89.6123,334.7,65.7,15.1,1064,0.272,2,0
1782,29.0534,95.5674,14.6,32.9,34.1,2015,0.617,4,0
1783,26.4995,90.4767,141.0,43.1,2.3,653,0.282,2,0
1784,27.3188,89.4585,37.9,26.2,20.7,1349,0.381,2,1
1785,29.4156,90.3403,64.5,34.4,42.4,2367,0.378,1,0
1786,25.9884,95.9997,41.1,30.5,2.2,236,0.04,1,0
1787,28.4724,91.1369,40.2,16.3,49.7,2572,0.672,5,0
1788,25.7512,94.5175,66.7,29.2,30.2,1809,0.431,2,0
1789,28.3957,96.1359,42.7,33.5,3.5,433,0.189,0,0
1790,27.304,88.7386,500.0,69.5,30.3,1449,0.527,5,0
1791,25.19,95.2677,24.9,,10.4,666,0.194,2,0
1792,26.2771,90.9228,49.4,25.1,34.9,1635,0.546,5,1
1793,25.747,90.0579,65.5,27.6,34.3,1839,0.36,3,0
1794,24.4296,94.5446,223.4,,69.9,2991,0.834,8,1
1795,24.1641,96.6431,43.1,30.2,6.9,838,0.153,0,0
1796,25.9056,90.8027,76.2,40.2,3.3,306,0.077,0,1
1797,24.1047,93.4039,26.1,11.8,60.1,2523,0.68,9,1
1798,24.9102,90.7534,68.0,23.5,43.8,2076,0.357,3,0
1799,27.9885,93.2657,,6.1,35.7,1662,0.618,7,1
1800,27.8945,93.9077,18.8,7.5,40.3,2404,0.531,2,0
1801,28.0622,93.7982,,36.9,9.8,704,0.158,0,0
1802,25.7443,93.9237,70.5,27.8,4.3,427,0.112,2,0
1803,28.8951,89.2833,35.5,19.6,41.7,1906,0.648,4,0
1804,27.2661,94.5886,41.4,17.7,49.1,2326,0.57,4,1
1805,24.6931,94.4101,1.5,35.5,4.2,692,0.385,0,0
1806,24.7905,94.4846,17.1,14.3,24.7,1635,0.209,2,0
1807,27.812,88.7037,166.1,45.6,41.0,1995,0.643,0,1
1808,24.9512,92.245,73.4,21.5,9.7,926,0.273,0,0
1809,26.7901,91.8858,47.5,11.9,32.9,1753,0.487,4,0
1810,29.4548,88.8238,241.5,52.6,8.4,1029,0.205,1,1
1811,24.022,90.1125,9.8,5.6,2.1,582,0.038,0,0
1812,24.0912,92.1891,201.1,47.9,19.4,1079,0.513,3,1
1813,29.462,95.0576,67.3,19.8,44.7,2381,0.696,7,0
1814,27.2155,90.2521,46.7,33.1,15.9,1310,0.252,1,0
1815,24.698,95.8826,492.8,83.0,24.9,1422,0.544,3,1
1816,28.9352,93.1851,,32.8,49.1,2755,0.394,5,1
1817,28.8421,95.224,227.2,30.3,15.2,1323,0.163,2,0
1818,26.9491,92.4893,4.5,27.2,60.9,2674,0.435,5,0
1819,27.4199,92.7423,31.9,39.2,20.8,1483,0.295,2,0
1820,25.5025,93.8873,11.2,13.4,27.5,1621,0.204,2,0
1821,24.2779,96.8157,36.1,17.1,21.8,1346,0.303,3,0
1822,27.2701,92.6722,7.6,31.0,39.4,2036,0.318,4,0
1823,25.6212,93.0222,112.7,21.9,7.4,993,0.342,3,0
1824,27.6499,93.719,3.0,25.6,5.4,744,0.369,3,0
1825,28.5993,95.0064,40.5,32.7,2.4,572,0.291,1,0
1826,24.0999,88.6826,188.0,26.4,62.8,2646,0.499,9,1
1827,27.2764,92.899,79.8,30.7,65.1,3018,0.741,6,1
1828,25.272,92.5751,209.3,45.7,36.5,2196,0.343,6,0
1829,28.8064,96.756,500.0,69.1,33.8,1950,0.529,3,0
1830,25.3952,92.6883,211.2,55.3,36.7,1604,0.472,2,1
1831,27.3592,92.449,39.2,13.9,62.0,3199,0.56,4,0
1832,27.0445,97.1409,63.5,23.0,15.0,1279,0.133,1,0
1833,26.1789,92.2805,17.8,33.2,43.0,2203,0.618,5,1
1834,27.7269,89.7184,63.4,17.5,35.2,1524,0.611,3,0
1835,27.9917,90.0607,98.9,41.3,9.4,870,0.329,0,0
1836,27.1182,88.9043,151.8,23.7,25.9,1174,0.558,5,0
1837,28.1713,88.0054,34.3,23.7,58.2,2652,0.762,11,1
1838,29.4088,92.1035,7.4,7.7,13.2,1068,0.166,2,0
1839,26.306,95.3078,107.0,37.6,14.5,1319,0.389,1,0
1840,26.8302,94.9679,10.9,30.6,11.4,806,0.216,2,1
1841,24.0686,88.3054,24.9,34.0,57.1,2986,0.576,8,1
1842,28.3782,93.4148,8.7,36.4,14.0,1303,0.156,1,0
1843,26.8613,89.4657,18.0,27.6,43.9,1871,0.683,3,0
1844,26.2438,96.9402,64.8,35.9,66.9,2944,0.736,2,0
1845,24.5174,89.59,9.3,21.5,21.8,1469,0.252,2,0
1846,28.8931,93.9531,0.2,33.3,9.0,990,0.209,1,0
1847,26.1725,91.0993,0.8,24.9,9.9,771,0.235,0,1
1848,27.7542,94.0948,71.7,40.2,18.6,1304,0.423,0,0
1849,24.8216,91.9165,55.2,18.0,19.2,1297,0.498,3,0
1850,29.2885,95.2166,41.8,24.7,56.5,2878,0.505,4,1
1851,24.9814,90.1915,128.0,41.6,18.0,1323,0.309,3,0
1852,25.0975,96.605,119.6,24.0,35.5,1580,0.474,5,1
1853,28.7244,92.752,74.2,19.3,42.9,1927,0.443,3,0
1854,29.0192,95.1829,17.3,37.2,2.3,285,0.217,1,0
1855,25.1668,96.0724,24.4,20.9,43.9,2509,0.335,6,0
1856,26.5839,97.4889,14.4,11.8,29.1,1903,0.261,7,0
1857,28.0342,90.1275,34.2,18.7,67.4,3354,0.61,3,1
1858,28.831,90.7255,71.7,24.9,21.4,1038,0.509,4,0
1859,26.0848,90.3791,364.0,64.2,19.6,1286,0.27,1,1
1860,26.8436,90.4973,1.8,33.8,65.5,2851,0.537,2,0
1861,28.0794,93.5332,26.6,38.5,18.8,1110,0.422,2,0
1862,28.0212,97.4385,5.2,25.6,15.8,919,0.485,5,0
1863,28.3063,97.4076,382.5,68.6,68.6,3424,0.641,8,1
1864,27.1346,93.0043,2.6,14.9,19.7,989,0.135,0,0
1865,24.5754,94.0708,30.6,34.9,12.5,1052,0.359,1,0
1866,28.9719,96.1697,11.9,12.7,39.8,2381,0.431,3,0
1867,28.7606,96.8629,82.6,16.9,66.4,3237,0.712,10,0
1868,28.3895,89.9367,14.4,36.7,13.4,691,0.2,1,0
1869,24.5492,93.0211,216.5,55.5,21.5,1595,0.144,0,1
1870,25.1242,95.912,23.4,16.6,22.4,1446,0.287,0,0
1871,28.0898,90.8804,111.1,38.0,39.0,1979,0.542,2,1
1872,24.1273,92.1782,133.5,33.9,68.5,3302,0.614,4,1
1873,29.3857,97.3634,,14.9,39.5,2295,0.351,6,0
1874,26.0743,97.3579,143.7,29.3,43.0,2154,0.472,3,0
1875,27.9562,96.608,199.3,30.7,42.5,2172,0.584,4,0
1876,28.8816,95.5853,27.2,24.8,46.3,2269,0.356,2,0
1877,26.1705,90.5567,226.3,43.5,27.0,1231,0.457,2,1
1878,25.7552,91.0481,165.8,38.9,9.9,1047,0.333,2,1
1879,27.3481,93.1992,32.6,14.9,6.1,432,0.189,0,0
1880,27.1954,93.3274,25.7,36.9,14.8,968,0.487,8,0
1881,26.2503,92.8023,1.3,24.8,11.7,839,0.436,8,1
1882,27.3098,94.0484,4.9,33.4,69.1,3060,0.587,8,1
1883,29.1446,91.8791,8.6,8.9,10.0,782,0.079,0,0
1884,26.572,95.1172,1.4,24.3,36.9,2009,0.369,7,0
1885,25.0821,91.1687,4.9,31.8,7.8,630,0.134,1,0
1886,26.0746,91.1414,10.5,16.1,68.0,2941,0.672,4,1
1887,26.1676,89.2086,500.0,65.6,27.5,1809,0.551,4,1
1888,24.7211,89.7928,74.0,21.0,29.7,1968,0.546,6,1
1889,24.8958,96.0799,83.5,22.3,34.4,1797,0.352,3,0
1890,27.7651,92.2397,49.8,24.1,25.3,1341,0.34,1,0
1891,25.8671,90.1647,221.4,39.1,56.7,2401,0.393,5,1
1892,29.2519,95.2137,10.7,14.2,37.3,1618,0.466,3,0
1893,25.3398,93.2628,65.0,32.1,55.9,2611,0.398,2,1
1894,24.5441,88.201,500.0,61.2,44.7,2539,0.673,5,1
1895,28.1443,91.0054,167.4,33.6,28.3,1743,0.535,2,0
1896,28.8457,89.6815,21.6,28.6,7.6,648,0.136,3,1
1897,25.5296,94.2308,136.0,25.0,19.4,1554,0.409,2,0
1898,25.1115,90.6128,317.2,46.4,52.4,2496,0.577,5,1
1899,25.0217,88.617,500.0,65.8,21.7,1162,0.465,1,1
1900,26.8711,88.5219,66.2,11.8,15.1,1002,0.291,2,0
1901,26.5763,93.5264,20.0,21.6,21.0,1088,0.217,2,0
1902,25.4269,88.2064,16.1,7.5,39.6,2304,0.52,4,1
1903,24.2485,96.0635,6.2,13.8,4.5,533,0.062,0,0
1904,26.6482,89.4763,5.1,36.4,13.8,1113,0.326,0,0
1905,29.2763,93.7624,97.0,44.1,26.5,1432,0.262,4,0
1906,27.5889,92.2245,24.1,13.9,44.7,2519,0.572,2,0
1907,26.7253,92.2071,0.5,14.3,6.9,826,0.377,4,0
1908,24.6088,88.6821,4.7,19.6,10.3,854,0.112,1,0
1909,25.3884,95.6261,11.1,32.3,42.9,1909,0.446,3,0
1910,25.6213,96.484,78.3,38.4,24.8,1723,0.459,5,0
1911,28.2064,88.1047,401.1,52.6,11.6,947,0.143,2,0
1912,28.8219,89.6967,140.0,23.8,28.8,1452,0.419,3,0
1913,28.959,96.5871,48.9,23.0,5.9,951,0.308,3,0
1914,29.4151,93.2202,107.0,43.7,44.6,1922,0.439,3,1
1915,29.403,89.4254,7.7,33.1,67.4,3016,0.782,8,0
1916,29.2415,89.9265,380.7,49.8,16.9,1152,0.317,1,1
1917,24.395,94.2699,0.2,22.6,24.1,1302,0.411,2,0
1918,24.7579,94.8858,275.0,39.7,16.2,1082,0.164,1,1
1919,25.6746,93.6946,16.2,27.9,53.6,2429,0.367,1,0
1920,27.0409,97.0549,3.4,33.7,24.2,1159,0.182,4,0
1921,24.5334,92.6936,37.7,23.0,57.7,2434,0.746,9,0
1922,28.6519,90.8526,6.1,7.8,38.4,1746,0.609,4,1
1923,27.3922,92.5337,4.1,23.2,19.2,1535,0.451,3,1
1924,26.983,91.4168,18.4,19.4,14.0,1063,0.173,2,0
1925,24.9092,90.132,93.9,40.4,38.0,1962,0.464,6,0
1926,25.3929,88.4367,27.5,18.2,30.9,1605,0.524,1,0
1927,24.8817,91.346,13.1,33.5,5.9,832,0.309,2,0
1928,28.6856,94.7584,2.8,13.4,14.5,779,0.143,0,1
1929,27.2133,88.1752,128.2,23.6,6.9,569,0.404,2,1
1930,28.0432,92.1722,71.8,22.1,16.2,1207,0.172,1,0
1931,25.6282,94.1181,15.4,7.3,45.9,2271,0.375,3,1
1932,26.0419,93.7988,170.4,32.1,33.4,1975,0.583,5,1
1933,26.2267,95.3782,45.5,30.3,45.8,2560,0.499,6,0
1934,28.1801,95.6999,12.3,10.3,27.8,1788,0.334,5,0
1935,28.2479,94.7612,103.6,19.4,40.9,1865,0.494,3,0
1936,25.1375,88.9766,160.7,26.3,32.5,1464,0.609,4,1
1937,29.1785,92.5127,1.5,7.1,25.7,1247,0.219,4,0
1938,24.6636,93.7324,100.1,43.1,19.9,1444,0.435,4,0
1939,28.9287,90.3329,70.6,42.0,44.9,2536,0.433,3,1
1940,24.5522,88.4042,30.0,9.3,25.6,1772,0.217,0,1
1941,25.455,90.1241,23.8,31.1,13.4,845,0.258,2,1
1942,28.6556,92.3215,29.8,31.0,44.9,2484,0.519,6,1
1943,24.9872,91.9323,,38.2,20.8,1307,0.221,2,1
1944,26.2746,89.6783,5.3,16.0,33.8,2028,0.387,5,0
1945,26.4742,95.8319,52.9,19.3,43.1,2208,0.542,1,0
1946,25.3489,96.794,25.2,21.5,18.7,950,0.355,1,1
1947,27.9063,89.9128,27.5,34.5,34.0,1515,0.516,2,0
1948,28.6823,96.8309,169.1,46.1,40.6,2394,0.605,2,1
1949,28.8102,88.1697,129.3,33.6,15.5,1018,0.267,0,0
1950,25.8663,96.7871,32.5,15.8,25.7,1373,0.341,1,0
1951,26.9197,97.0433,192.8,48.6,17.2,1037,0.313,6,1
1952,25.3662,88.1145,31.8,34.9,6.3,617,0.269,2,1
1953,25.3464,95.2487,500.0,72.1,21.6,1625,0.187,1,1
1954,24.8869,97.2169,44.2,30.4,15.4,760,0.228,1,0
1955,29.1701,96.6061,6.1,17.8,23.0,1103,0.222,3,0
1956,28.8839,97.2217,63.1,26.5,23.8,1605,0.313,4,1
1957,28.2755,93.2281,32.2,24.6,10.6,909,0.46,3,0
1958,26.8471,88.7425,5.7,29.6,12.7,698,0.318,1,0
1959,26.6983,96.073,4.4,35.8,33.4,1460,0.394,5,0
1960,26.9136,93.8314,8.2,19.4,37.6,1761,0.477,4,0
1961,26.9511,93.84,1.4,15.4,19.3,1055,0.396,4,0
1962,26.3901,91.9639,383.3,58.4,50.0,2110,0.507,7,1
1963,24.7247,93.4325,45.3,13.7,7.0,531,0.226,0,0
1964,24.6912,89.459,230.1,39.2,11.1,1061,0.355,1,0
1965,29.2374,95.0278,18.4,9.2,23.3,1631,0.18,0,0
1966,26.6512,88.7127,3.9,18.4,37.4,2225,0.465,2,0
1967,29.2426,94.9329,146.4,25.9,66.0,3013,0.659,6,0
1968,24.8997,96.0653,260.5,44.1,51.7,2392,0.647,3,1
1969,27.0493,92.4885,57.8,35.9,11.1,1244,0.467,2,0
1970,25.1424,92.8434,142.8,28.0,24.5,1619,0.482,1,1
1971,25.3925,90.966,5.1,24.3,4.8,668,0.234,3,0
1972,24.1653,97.2099,290.0,64.8,17.8,990,0.186,2,1
1973,24.6542,94.9647,85.7,31.8,20.1,1129,0.369,4,1
1974,29.0427,91.5054,1.4,10.8,12.7,969,0.418,5,0
1975,25.7684,89.6607,28.7,18.5,26.5,1539,0.55,5,0
1976,27.3447,90.086,246.5,50.2,41.9,1786,0.609,2,0
1977,26.5576,92.4073,1.1,20.6,7.4,1068,0.125,1,0
1978,26.2025,96.9544,5.8,9.8,9.3,875,0.347,2,1
1979,26.9254,94.9744,43.2,23.3,31.7,1780,0.563,6,1
1980,25.0298,90.0448,2.7,21.9,51.3,2300,0.614,8,0
1981,29.4373,96.1658,95.9,23.5,67.1,3319,0.722,3,0
1982,28.5007,91.5929,473.4,75.9,60.1,3020,0.601,4,1
1983,28.0789,96.0914,139.7,22.1,57.9,2483,0.641,4,0
1984,26.5782,90.2961,44.0,19.9,38.5,2056,0.374,2,0
1985,24.8408,93.8773,233.9,55.6,15.6,1185,0.14,1,1
1986,29.0637,96.8034,9.8,13.7,27.8,1797,0.516,4,0
1987,25.8776,90.45,,52.0,39.9,1840,0.643,3,0
1988,24.2756,94.5828,7.2,18.2,20.8,1546,0.481,4,0
1989,25.8832,97.3795,140.0,29.9,20.1,1227,0.268,2,0
1990,28.3695,89.4307,43.0,38.1,13.1,692,0.125,2,1
1991,27.4249,88.8398,130.9,29.7,45.4,1990,0.415,6,0
1992,28.1296,94.4049,28.3,15.1,53.2,2366,0.692,4,0
1993,28.365,91.2275,367.8,73.6,25.6,1322,0.433,0,1
1994,25.1658,88.6768,55.3,34.1,66.6,3111,0.831,5,0
1995,29.0808,92.5154,500.0,81.0,25.4,1640,0.306,3,1
1996,26.4089,95.1608,38.2,10.3,22.6,1135,0.371,2,0
1997,27.5146,90.7087,181.0,28.5,3.3,927,0.338,3,1
1998,24.0127,91.1829,132.7,39.2,24.0,1173,0.254,2,0
1999,29.4635,96.0341,16.6,12.9,27.7,1628,0.57,2,0
2000,25.5449,92.9407,86.3,21.1,22.4,1646,0.386,1,0
1618,25.9057,93.4261,110.5,40.0,22.7,1236,0.543,5,1
1906,27.5889,92.2245,24.1,13.9,44.7,2519,0.572,2,0
1267,25.566,89.6182,30.7,13.0,7.2,628,0.175,1,0
1263,25.7068,91.0774,19.1,23.6,9.9,1121,0.229,0,0
1119,26.3765,90.571,141.8,34.9,18.5,1345,0.168,2,1
